#,COACH 1,,,,Stations
1,Bromley Court Hotel,BROMLEY,07:05,,BROMLEY
2,Bromley Rd,BELLINGHAM,07:10,,BELLINGHAM
3,Beckenham Jnct,BECKENHAM,07:15,,SHORTLANDS
4,Shortlands,SHORTLANDS,07:20,,BROMLEY
5,Old Police Stn,BROMLEY,07:23,,BICKLEY
6,Widmore Green,BROMLEY,07:25,,CHISLEHURST
7,Bickley Lights,BICKLEY,07:26,,CHELSFIELD
8,Chislehurst Stn,CHISLEHURST,07:33,,ORPINGTON
9,Chislehurst War Memorial,CHISLEHURST,07:35,,CHELSFIELD
10,,,,,ORPINGTON
11,COACH 2,,,,ST PAULS CRAY
12,Bo Peep,CHELSFIELD,07:15,,PETTS WOOD
13,The Highway/Court Rd,ORPINGTON,07:16,,SOUTHBOROUGH
14,Warren Rd/Windsor Dr,CHELSFIELD,07:18,,PETTS WOOD
15,Warren Rd/Cloonmore,CHELSFIELD,07:19,,CROFTON
16,The Crescent,CHELSFIELD,07:20,,ORPINGTON
17,Orpington Hosp,ORPINGTON,07:21,,KESTON
18,Tower Rd,ORPINGTON,07:23,,FARNBOROUGH
19,Methodist Church,ORPINGTON,07:25,,PRATTS BOTTOM
20,Carlton Parade,ORPINGTON,07:33,,HALSTEAD
21,Ramsden Rd/Dyke Green,ORPINGTON,07:35,,SIDCUP
22,Tintagel Rd/Eldred,ORPINGTON,07:36,,BLACKFEN
23,Avalon/Fire Stn,ORPINGTON,07:37,,
24,Court Rd/Goddington ln,ORPINGTON,07:38,,
25,,,,,
26,COACH 3,,,,
27, Midfield Way,ST PAULS CRAY,07:15,,
28, Broomwood/McDonalds,ST PAULS CRAY,07:17,,
29, Sevenoaks Way/Springvale,ST MARY CRAY,07:20,,
30, Station Approach,ST MARY CRAY,07:21,,
31, Nugent Retail Park,ST MARY CRAY,07:22,,
32, PettsWood Rd/Poverest,PETTS WOOD,07:28,,
33, PettsWood Rd/Crossway,PETTS WOOD,07:29,,
34, Perry Hall School,ORPINGTON,07:34,,
35,,,,,
36,COACH 4,,,,
37,Crooked Billet,SOUTHBOROUGH,07:20,,
38,Queensway(Morrison),PETTS WOOD,07:23,,
39,Towncourt Ln/Jersey Dr,PETTS WOOD,07:25,,
40,Crofton Ln/Place Farm,CROFTON,07:29,,
41,Crofton Rd/Lane,CROFTON,07:30,,
42,Orpington Stn,ORPINGTON,07:35,,
43,Maxwell/Station Rd,ORPINGTON,07:36,,
44,Spur Rd-<wbr> War Memorial,ORPINGTON,07:36,,
45,Spur Rd(Court Rd Lights),ORPINGTON,07:36,,
46,Court Rd/Goddington ln,ORPINGTON,07:38,,
47,,,,,
48,COACH 5,,,,
49,Heathfield Rd,KESTON,07:17,,
50,Keston Mark/Croydon Rd,KESTON,07:21,,
51,High St/Starts Hill,FARNBOROUGH,07:25,,
52,High St/Church Rd,FARNBOROUGH,07:26,,
53,Shire Lane,FARNBOROUGH,07:28,,
54,Glentrammon/Green Fm Cl,GREEN ST GREEN,07:30,,
55,Glentrammon/Vine Rd,GREEN ST GREEN,07:33,,
56,Worlds End Lane(plumbing),GREEN ST GREEN,07:33,,
57,Pratts Bottom/Rushmore,PRATTS BOTTOM,07:37,,
58,Knockholt Rd/Meadway,HALSTEAD,07:39,,
59,Cock Inn Shoreham Ln,HALSTEAD,07:40,,
60,,,,,
61,COACH 6,,,,
62,,,,,
63,Station Rd/Longlands,SIDCUP,07:40,,
64,Will Ave/Whiteoak,SIDCUP,07:42,,
65,Will Ave/Oaklands,SIDCUP,07:42,,
66,The Oval,SIDCUP,07:43,,
67,Wellington Pde,BLACKFEN,07:47,,
